ESTACIONES,MES,AÑO,PRECIP. MES (mm.),ANOMALIA RESPEC. PROMEDIO CLIMATOLOGICO,% RESPECTO PROMEDIO CLIMATOLOGICO,PREC. ACUM. AÑO AGRIC. (mm.),% RESPECTO PROMEDIO CLIMATOLOGICO,Tª  MÁXIMA ABSOL (ºC),Tª  MINIMA ABSOL. (ºC),TEMP. MEDIA DE MEDIAS (ºC),ANOMALIA (ºC)
AINSA,1,2016,47.8,-8.03666666666666,85.6068294430184,245.1,56.2052834342322,17.8,-5,6.1,2315
AINSA,10,2016,67.6,-38.9033333333333,63.4721917936841,142.4,71.3200554266348,26.8,4.3,14.8,1.06
AINSA,2,2016,105.6,66.9466666666667,273.197654363574,350.7,73.8730515377054,21,-4.9,6.8,0.956666666666666
AINSA,8,2016,4,-55.2133333333333,6.75523530736321,679.9,74.0817416128224,35.6,12.4,24,0.833333333333329
AINSA,12,2016,1.4,-83.5166666666667,1.648675171737,295,77.5818993100909,17.1,-3.9,5.8,1.36383333333333
AINSA,6,2016,25,-49.37,33.6157052574963,616.3,77.6229060833788,33.4,5.7,20,-0.344666666666669
AINSA,3,2016,62.2,12.16,124.300559552358,412.9,78.6815895116622,22.3,-2.9,8.4,-1315
AINSA,7,2016,59.6,-4.99,92.2743458739743,675.9,78.7251472432416,37.6,9.1,24.1,1.01666666666667
AINSA,9,2016,74.8,-18.36,80.2919708029197,74.8,80.2919708029197,37.5,7.9,20.6,2.43666666666667
AINSA,5,2016,72.2,-30.5433333333333,70.2721993316679,591.3,82.1710309942144,27.4,2.1,14.6,-1.91
AINSA,4,2016,103.8,11.72,112.728062554301,516.7,83.7638336503545,22.3,1.8,11.3,-0.209999999999999
AINSA,11,2016,151.2,55.5366666666666,158.05428760584,293.6,99.4153366893158,19,-1,8.9,0.800000000000001
ALBARRACÍN,9,2016,6,-31.1,16.1725067385445,6,16.1725067385445,36.2,4.7,18,1.7
ALBARRACÍN,10,2016,30.6,-11.7,72.3404255319149,36.6,46.095717884131,27,2.2,13.6,2.3
ALBARRACÍN,1,2016,15.8,-7.1,68.9956331877729,106.4,64.0963855421687,18.4,-6.9,5.9,3
ALBARRACÍN,7,2016,1.2,-16.8,6.66666666666667,248,67.2268907563025,36.3,4.7,22.2,1.2
ALBARRACÍN,8,2016,31.6,2.5,108.591065292096,279.6,70.251256281407,34.5,6.8,21.9,1.2
ALBARRACÍN,6,2016,22.8,-18,55.8823529411765,246.8,70.3334283271587,32.2,1.7,18.6,1.2
ALBARRACÍN,5,2016,23.8,-35.3,40.2707275803723,224,72.234762979684,26,-4,12.6032258064516,-0.196774193548389
ALBARRACÍN,2,2016,29.6,9.2,145.098039215686,136,72.9613733905579,15.4,-10,5,0.6
ALBARRACÍN,3,2016,26.6,3.9,117.180616740088,162.6,77.7618364418938,21.3,-6.4,5.3,-1.6
ALBARRACÍN,12,2016,17.2,-16.7,50.7374631268437,112,78.2669461914745,15.9,-6.3,4.8,1.4
ALBARRACÍN,4,2016,37.6,-4.3,89.7374701670644,200.2,79.7609561752988,20.2,-3.4,8.7,0
ALBARRACÍN,11,2016,58.2,28.4,195.302013422819,94.8,86.8131868131868,22.5,-3.7,6.6,0.199999999999999
ALCAÑIZ,12,2016,4.7,-17.8,20.8888888888889,129.6,103.266932270916,14.9,-1.9,5.2,-0.9
ALCAÑIZ,11,2016,81.8,52.5,279.180887372014,124.9,121.26213592233,21.2,-0.4,9.2,0.199999999999999
ALCAÑIZ,9,2016,9,-24.3,27.027027027027,9,27.027027027027,37.5,9.2,21.1,2.1
ALCAÑIZ,1,2016,17.3,-6.1,73.9316239316239,75.5,50.7051712558764,20.6,-1.1,8.4,2.8
ALCAÑIZ,10,2016,34.1,-6.3,84.4059405940594,43.1,58.4803256445048,29.8,2.8,15.3,0.600000000000002
ALCAÑIZ,8,2016,7.1,-18.2,28.0632411067194,252.4,74.9391342214129,36.4,10.4,23.8,0.3
ALCAÑIZ,7,2016,7.1,-8.7,44.9367088607595,245.3,78.7463082652057,38.5,9.2,24.5,0.800000000000001
ALCAÑIZ,6,2016,4.4,-21,17.3228346456693,238.2,80.5528000721436,35.5,7.8,21.8,1.1
ALCAÑIZ,2,2016,68.8,50.2,369.892473118279,144.3,86.1492537313433,20.9,-3.6,8.7,1.1
ALCAÑIZ,5,2016,20.6,-28.9066666666667,41.6105575006733,233.8,86.494352093918,30.6,2.8,16.3485057471264,-0.226160919540227
ALCAÑIZ,3,2016,25,5.1,125.628140703518,169.3,90.34151547492,23.5,-0.6,9.2,-1.3
ALCAÑIZ,4,2016,43.9,10.5,131.437125748503,213.2,96.5579710144928,26,0.3,12.6,0.0999999999999996
ALHAMA DE ARAGON,3,2016,32.8,10.3,145.777777777778,217.6,100.045977011494,24.2,-5,7.9,-0.9
ALHAMA DE ARAGON,4,2016,63.8,11.7,122.456813819578,281.4,104.376854599407,23.4,-2.8,11.2,0.5
ALHAMA DE ARAGON,9,2016,4.8,-30,13.7931034482759,4.8,13.7931034482759,39.4,6.1,20.6,2
ALHAMA DE ARAGON,10,2016,27.4,-18.2,60.0877192982456,32.2,40.0497512437811,30.9,0.1,15.3,1.6
ALHAMA DE ARAGON,12,2016,7.6,-24.5,23.6760124610592,91.8,63.0927835051546,17.2,-8.6,5.7,0.4
ALHAMA DE ARAGON,11,2016,52,19,157.575757575758,84.2,74.2504409171076,25.9,-3.2,8.4,0.0999999999999996
ALHAMA DE ARAGON,8,2016,0.4,-22.1,1.77777777777778,324.4,76.5636063252301,39.7,7.1,24.4,1.6
ALHAMA DE ARAGON,7,2016,8.2,-12.7,39.2344497607655,324,80.7577268195414,39.5,7.2,24.7,0.699999999999999
ALHAMA DE ARAGON,6,2016,0,-40.3,0,315.8,83.0397054956613,37.9,4,21,1.3
ALHAMA DE ARAGON,1,2016,60,33.6,227.272727272727,144.8,84.2350203606748,18.8,-2,7.8,3.3
ALHAMA DE ARAGON,5,2016,31.2,-39.2,44.3181818181818,315.8,92.8823529411765,30.5,0.7,15.2,0.199999999999999
ALHAMA DE ARAGON,2,2016,40,16.9,173.160173160173,184.8,94.7692307692308,18.2,-6.7,7.3,1.4
ALMUDEVAR,2,2016,94.2,68.9633333333333,373.2664113063,242.2,103.680027396869,18,-2.7,7.6,0.913908045977014
ALMUDEVAR,8,2016,1,-20.33,4.6882325363338,512,115.585187637803,34.5,10.8,23.5,0.720476190476195
ALMUDEVAR,6,2016,17.6,-22.8366666666667,43.5248536806529,479.4,120.098202952769,33.8,8.4,21,0.262238095238093
ALMUDEVAR,7,2016,31.6,9.14,140.694568121104,511,121.195351411179,36,9.5,23.8,0.557471264367809
ALMUDEVAR,11,2016,118.8,73.2233333333333,260.659694288013,176.2,122.933091467243,19.2,-1,8.6,-0.435402298850576
ALMUDEVAR,3,2016,79.2,53.6133333333333,309.536216779573,321.4,124.001697596358,22.1,-2.2,8.5,-1.24402298850575
ALMUDEVAR,5,2016,59.6,7.36333333333332,114.096101078425,461.8,128.729523048476,28.3,2.9,15.3,-0.749761904761901
ALMUDEVAR,4,2016,78.2,30.89,165.292749947157,399.6,130.375203915171,22.4,0.3,11.6,-0.329080459770113
ALMUDEVAR,9,2016,24.6,-20.7966666666667,54.1890006608415,24.6,54.1890006608415,35.2,8.3,20.8,1.60275862068966
ALMUDEVAR,10,2016,32.8,-19.5566666666667,62.6472273508627,57.4,58.7192252608607,28.6,2.7,15.4,0.821034482758621
ALMUDEVAR,1,2016,39.4,12.1833333333333,144.76423759951,148,71.0286354183331,17.4,-1.9,7.5,2.31827586206897
ALMUDEVAR,12,2016,2.8,-35.02,7.4034902168165,179,98.8131382831907,16.4,-3.2,5,-0.582528735632183
ANDORRA,11,2016,67.7,37.4,223.432343234323,110.5,102.504638218924,19.2,1.1,8.8,0.242500000000001
ANDORRA,9,2016,13,-24.3,34.8525469168901,13,34.8525469168901,34.1,10,20.2,1.70416666666667
ANDORRA,1,2016,9.2,-15.1,37.8600823045267,61.4,39.5873629916183,17.4,-1.3,8.4,4.01833333333333
ANDORRA,2,2016,24.8,3,113.761467889908,86.2,48.728094968909,17.4,-4,7.4,1515
ANDORRA,10,2016,29.8,-10.4,74.1293532338308,42.8,55.2258064516129,25.7,5.2,15.1,1.13666666666667
ANDORRA,3,2016,24.4,3.3,115.63981042654,110.6,55.8585858585859,21.3,-1.2,7.7,-1.52416666666667
ANDORRA,8,2016,2.2,-26.8,7.58620689655173,224.9,58.5677083333333,33.5,10.5,23.1,0.674166666666675
ANDORRA,4,2016,34.2,-8.4,80.2816901408451,144.8,60.1828761429759,22.4,1.2,11,0.191666666666668
ANDORRA,7,2016,3.6,-13.6,20.9302325581395,222.7,62.7323943661972,36.1,9.4,23.6,0.610833333333332
ANDORRA,5,2016,9,-49.5,15.3846153846154,188.3,62.9555332664661,28,2,15.2,0.0316666666666698
ANDORRA,6,2016,18.2,-20.5,47.0284237726098,219.1,64.8608644168147,31.7,8.8,20.3,0.600833333333334
ANDORRA,12,2016,9.2,-13.8,40,119.7,91.5137614678899,13.6,-6,6.2,0.833333333333333
ARAGÚES DEL PUERTO,9,2016,61.2,-50.4,54.8387096774194,61.2,54.8387096774194,34.4,6.3,18.6,1.63666666666667
ARAGÚES DEL PUERTO,1,2016,176,66.9,161.319890009166,405.8,59.0082884978915,14,-6.5,5.1,1015
ARAGÚES DEL PUERTO,12,2016,0,-158.2,0,381.2,65.8831662633944,17.2,-3.1,7.4,2.56383333333333
ARAGÚES DEL PUERTO,2,2016,121.8,37.1,143.801652892562,527.6,68.306576903159,19.1,-6.7,5.5,0.756666666666667
ARAGÚES DEL PUERTO,10,2016,120,-33.1,78.3801436969301,181.2,68.4548545523234,25.3,1.9,13.7,1.16
ARAGÚES DEL PUERTO,8,2016,27,-43.5,38.2978723404255,933.2,69.6625858465213,33.7,7.6,21.8,1.23333333333333
ARAGÚES DEL PUERTO,6,2016,25.8,-51.9,33.2046332046332,850.6,70.7124449247652,30.3,3.9,17.3,-0.144666666666669
ARAGÚES DEL PUERTO,7,2016,55.6,-10.6,83.987915407855,906.2,71.4049326294224,34.1,5.6,21.1,0.416666666666671
ARAGÚES DEL PUERTO,5,2016,73.4,-53.4,57.8864353312303,824.8,73.3025239957341,24.8,0.7,12.4,-0.709999999999999
ARAGÚES DEL PUERTO,4,2016,95.2,-43.4,68.6868686868687,751.4,75.2604166666667,19.5,-0.9,8.5,-0.210000000000001
ARAGÚES DEL PUERTO,3,2016,128.6,41.2,147.139588100686,656.2,76.3200744359154,18.1,-3.8,5.5,-1715
ARAGÚES DEL PUERTO,11,2016,200,44.3,128.452151573539,381.2,90.6755470980019,20.3,-1.3,7.7,0
BAILO,11,2016,173.2,80.2466666666667,186.330058093667,299.6,117.214397496088,19.1,-1.6,7.9,0.0233333333333352
BAILO,1,2016,70.6,9.8,116.118421052632,154.6,37.6421319178983,16.5,-2,6.4,1.4
BAILO,2,2016,100,39.9033333333333,166.39858006545,254.6,54.0773990739299,18.2,-6.4,6.1,0.676666666666666
BAILO,9,2016,39.4,-31.14,55.85483413666,39.4,55.85483413666,35.5,8.6,19.8,1.91833333333334
BAILO,8,2016,3.6,-53.31,6.32577754348972,606.4,70.6935679423011,35.1,10,22.9,1.04333333333333
BAILO,7,2016,26,-12.8566666666667,66.912584713048,602.8,75.2675193433862,35.6,7.2,22.4,0.306666666666668
BAILO,6,2016,5,-62.1566666666667,7.44527721248821,576.8,75.6935513503583,32.3,5.6,18.8,-0.279666666666667
BAILO,10,2016,87,-5.10666666666664,94.4557035321367,126.4,77.7144730909538,26.7,1.7,14,0.73
BAILO,3,2016,147.6,100.913333333333,316.150221333714,402.2,77.7208079975265,19.7,-3.1,6.7,-1.61333333333333
BAILO,4,2016,73,-10.49,87.435621032459,475.2,79.070412379711,19.7,-0.9,9.9,-0.528333333333332
BAILO,5,2016,77.8,-16.08,82.8717511717086,571.8,82.2895629356372,27,2.1,13.6,-1.04166666666667
BAILO,12,2016,0.6,-93.71,0.636199766726752,300.2,85.7934897545083,14.3,-4.2,6,1.35216666666667
BALLOBAR,5,2016,23.2,-27.2626666666667,45.9745818691046,271,100.881628499991,29.8,2.7,17.1,-1.13
BALLOBAR,12,2016,10.8,-14.2176666666667,43.1694935578858,132.4,102.841874145574,17.4,-1.5,5.2,-1.27
BALLOBAR,11,2016,74.6,49.0023333333333,291.432812886591,121.6,117.234575201417,18.3,0.5,9.8,-0.77
BALLOBAR,9,2016,13,-24459,34.7046103740089,13,34.7046103740089,37.1,9.8,22.3,1.3
BALLOBAR,1,2016,16,-8.23400000000001,66.022942972683,57.8,37.7838692948318,19.6,-3.9,8.6,2.32333333333333
BALLOBAR,10,2016,34,-6667,83.6058720830157,47,60.1592299618565,28.7,4.3,16.4,0.399999999999999
BALLOBAR,2,2016,58.8,46.5653333333333,480.601569311247,116.6,70.5768415955451,21.4,-2.8,9.1,0.803333333333335
BALLOBAR,8,2016,0.8,-20.8253333333333,3.69936494235156,281.4,83.242206026925,36.9,12.9,25.2,-0.437999999999999
BALLOBAR,3,2016,46.2,20.7863333333333,181.791949213678,162.8,85.4038760489691,24.4,-0.9,10.5,-1.65
BALLOBAR,7,2016,1.2,-9.03166666666667,11.7282945105066,280.6,88.6783886195014,38.9,12.7,26.1,0.34
BALLOBAR,6,2016,8.4,-29161,22.363621841804,279.4,91.249736004999,34.9,10.2,22.8,-0.13666666666666
BALLOBAR,4,2016,37.2,9.65466666666667,135.05009923036,200,91.6720523997452,25.1,3.2,13.5,-0.893333333333334
BARBASTRO,8,2016,1,-24.5,3.92156862745098,497.4,109.825568558181,36.3,9.6,24,0
BARBASTRO,3,2016,69.2,43.4,268.217054263566,299.2,111.934156378601,24,-3.6,9.3,-0.799999999999999
BARBASTRO,7,2016,11.8,-8.7,57.5609756097561,496.4,116.144127281235,38.1,8.8,24.9,0.799999999999997
BARBASTRO,6,2016,13.6,-21.5,38.7464387464387,484.6,119.095600884738,35.2,6.1,21.6,0.400000000000002
BARBASTRO,11,2016,111.2,67.3,253.302961275626,183.8,121.883289124668,20.7,-1.7,9.1,0
BARBASTRO,4,2016,93,41.2,179.53667953668,392.2,122.908179254152,24.5,0.3,12.5,0
BARBASTRO,5,2016,33,-19.7,62.6185958254269,471,126.681011296396,30.1,-0.4,16.0709677419355,-0.685698924731181
BARBASTRO,9,2016,22,-33.8,39.426523297491,22,39.426523297491,38.3,6.2,21.4,2
BARBASTRO,10,2016,50.6,-0.5,99.0215264187867,72.6,67.9139382600561,28.9,1.7,15.8,0.700000000000001
BARBASTRO,1,2016,19.4,-8.1,70.5454545454546,153.4,70.0136923779096,17.7,-6.5,7.3,2.4
BARBASTRO,2,2016,76.6,54.2,341.964285714286,230,95.2380952380952,19.9,-6.6,7.8,1.2
BARBASTRO,12,2016,0.8,-37,2.11640211640212,184.6,97.8791092258749,18.3,-2.4,5,-0.3
BELCHITE,11,2016,64.1,33.7,210.855263157895,101.3,100.396432111001,20.1,-1.1,8.7,-0.9
BELCHITE,9,2016,1.2,-31.3,3.69230769230769,1.2,3.69230769230769,39.2,7.9,21.6,1.4
BELCHITE,10,2016,36,-2,94.7368421052632,37.2,52.7659574468085,29.5,3,15.2,0
BELCHITE,1,2016,23,-0.5,97.8723404255319,88.1,59.527027027027,20.1,-2.3,8.2,1.6
BELCHITE,8,2016,1,-19.1,4.97512437810945,262.4,74.5454545454546,38.4,11.7,24.5,0.5
BELCHITE,2,2016,41.3,19.4,188.584474885845,129.4,76.1624484991171,20.4,-3.1,8.4,0.200000000000001
BELCHITE,7,2016,11,-5.5,66.6666666666667,261.4,78.758662247665,41,9.9,25.3,0.800000000000001
BELCHITE,6,2016,13,-21,38.2352941176471,250.4,79.3912492073558,36.4,7.4,22.2,0.599999999999998
BELCHITE,5,2016,37.3,-14,72.7095516569201,237.4,84.363894811656,31,4.7,16.2,-0.800000000000001
BELCHITE,3,2016,32.9,12.8,163.681592039801,162.3,85.421052631579,24.2,0.3,9.1,-2.5
BELCHITE,4,2016,37.8,-2.3,94.2643391521197,200.1,86.9621903520209,25.9,-0.6,12.4,-0.4
BELCHITE,12,2016,9.7,-13.9,41.1016949152542,111,89.1566265060241,16.6,-1.6,5,-2
BELLO,11,2016,73.4,41.9,233.015873015873,119.4,118.452380952381,22,-5,6.1,-0.996666666666669
BELLO,9,2016,13.2,-18.6,41.5094339622642,13.2,41.5094339622642,36.6,3.5,17.5,1.5
BELLO,1,2016,34.2,14.6,174.489795918367,94.4,64.5690834473324,19.6,-6.1,5.9,3.02166666666667
BELLO,10,2016,31,-6.5,82.6666666666667,46,66.3780663780664,27.2,-1.5,12.9,0.626666666666665
BELLO,6,2016,9,-27.2,24.8618784530387,230.2,71.4463066418374,33.6,0.6,17.9,0.5
BELLO,8,2016,10.4,-6,63.4146341463415,262.8,73.0812013348165,35.7,4,21.4,0.399999999999999
BELLO,7,2016,1.7,-19.3,8.0952380952381,252.4,73.5431235431235,36.5,3.2,21.7,-0.173333333333336
BELLO,5,2016,10.4,-42.1,19.8095238095238,213.2,74.5454545454546,27.9,-4,12,-1.31666666666666
BELLO,2,2016,34.8,13.8,165.714285714286,129.2,77.2727272727273,15.9,-9.1,4.5,0.29
BELLO,4,2016,32.4,-14.3,69.3790149892934,192.7,82.5267665952891,20.1,-5.6,7.9,-0.199999999999999
BELLO,3,2016,31.1,11.5,158.673469387755,160.3,85.813704496788,21.4,-6.7,4.9,-2.46166666666667
BELLO,12,2016,4.8,-21,18.6046511627907,124.2,98.1042654028436,15.2,-9.8,4,0.371666666666666
BENABARRE,12,2016,0.8,-50.7,1.55339805825243,253.2,103.643061809251,18.6,-3,6.7,2
BENABARRE,9,2016,68,2.59999999999999,103.975535168196,68,103.975535168196,34.5,6.9,19.4,1.7
BENABARRE,8,2016,1.2,-43.5,2.68456375838926,643.2,104.6875,35.1,9.9,22.6,0.600000000000002
BENABARRE,2,2016,82,53.3,285.714285714286,339.6,109.477756286267,20.4,-5.3,6.4,0.600000000000001
BENABARRE,3,2016,49,13.3,137.254901960784,388.6,112.344608268286,21.7,-2.7,7.1,-1.8
BENABARRE,7,2016,27.2,-1.6,94.4444444444444,642,112.690889942075,36.2,7.4,22.8,0.5
BENABARRE,6,2016,31.8,-15.5,67.23044397463,614.8,113.662414494361,33.6,5.5,19.2,0.300000000000001
BENABARRE,4,2016,90.8,21.4,130.835734870317,479.4,115.434625571876,21.3,0.4,10.4,-0.4
BENABARRE,5,2016,71.6,-6.7,91.4431673052363,582.4,117.990275526742,27.6,-0.7,13.8209677419355,-1.01686559139785
BENABARRE,11,2016,122.8,66.6,218.505338078292,249.8,129.564315352697,20.4,-1.5,8,0.0999999999999996
BENABARRE,1,2016,20.2,-17,54.3010752688172,257.6,91.5097690941385,18.6,-4.9,6.1,1.9
BENABARRE,10,2016,59,-12.2,82.8651685393258,127,92.9721815519766,26.2,3.8,14.6,1.7
BIELSA,12,2016,0,-104.347777777778,0,525.6,102.923162280654,17.1,-6,4.5,1.66383333333333
BIELSA,8,2016,70.6,-12.2666666666667,85.1971037811746,1366.5,108.449416285798,35.5,6.8,21.2,1.93333333333333
BIELSA,7,2016,85.4,-0.0177777777777663,99.9791872626047,1295.9,110.086261658161,36.4,5.9,21.5,2.11666666666667
BIELSA,6,2016,43.8,-49.6822222222222,46.8538284165736,1210.5,110.877032287612,34.5,2.1,18,0.855333333333331
BIELSA,5,2016,106.2,-33.36,76.0963026655202,1166.7,116.872449053416,27.4,2.2,13,-0.109999999999999
BIELSA,1,2016,256.8,182.767777777778,346.875984931486,686.7,117.443950789953,17.2,-3.9,5.1,2415
BIELSA,2,2016,115.8,45.9822222222222,165.860334839901,802.5,122.608518512231,19.2,-5.2,5.4,0.556666666666667
BIELSA,4,2016,162.6,26.4722222222222,119.446598375709,1060.5,123.499521891421,22.9,-1.2,9.4,0.69
BIELSA,3,2016,95.4,27.3422222222222,140.175014693398,897.9,124.26305737773,21.3,-4.2,6.3,-1515
BIELSA,11,2016,335.4,212.205555555556,272.252536640361,525.6,129.354757555539,20,-2.9,6.8,0.4
BIELSA,9,2016,47.6,-79.8755555555556,37.3404922948191,47.6,37.3404922948191,36.1,5.4,17.7,1.7
BIELSA,10,2016,142.6,-13.0544444444444,91.6131887585749,190.2,67.1776215872567,25.9,2,12.6,1.36
BIESCAS,3,2016,101.2,32.97,148.321852557526,746.9,102.310863937099,16.2,-4.8,4.5,-1615
BIESCAS,12,2016,0,-137.626666666667,0,505.1,102.650083323172,15.6,-5.8,4.3,1.36383333333333
BIESCAS,4,2016,159.4,45.8966666666667,140.436404217204,906.3,107.440923101241,19.5,-2.3,7.4,-0.31
BIESCAS,8,2016,14,-58.9233333333333,19.1982447319102,1381.4,118.991150747391,31.8,6.2,19.4,1
BIESCAS,6,2016,46.2,-33.4333333333333,58.0159062369192,1276.6,123.813126169901,29.2,3,15.7,0.199999999999999
BIESCAS,7,2016,90.8,33.8666666666667,159.484777517564,1367.4,125.679762010533,31.7,4.5,19,0.399999999999999
BIESCAS,5,2016,124,16.0966666666667,114.917673226036,1230.4,129.320220999121,23.3,-0.4,11.1,-1.01
BIESCAS,11,2016,343.6,211.243333333333,259.601581585111,505.1,142.509169566444,17.4,-3.8,5.5,-0.5
BIESCAS,9,2016,46.4,-43.2233333333334,51.7722319336482,46.4,51.7722319336482,32.6,4.6,16,1.4
BIESCAS,10,2016,110.8,-21.6533333333333,83.6521038856453,161.5,72.7226333248278,23.3,-0.9,11.2,0.16
BIESCAS,1,2016,270.8,176.716666666667,287.829937998228,492.9,84.0920593938911,15.7,-4.4,3.9,1715
BIESCAS,2,2016,152.8,77.1433333333333,201.965017403181,645.7,97.5672408582654,18,-6.6,4.1,1.05666666666667
BOQUIÑENI,12,2016,4.2,-20.1,17.283950617284,133.9,100.752445447705,15.6,-9,2.9,-2.1
BOQUIÑENI,11,2016,87.7,56.4,280.191693290735,129.7,119.429097605893,19.3,-2.5,8.1,-1
BOQUIÑENI,9,2016,10.4,-20.5,33.6569579288026,10.4,33.6569579288026,37.8,9.1,21.2,2.2
BOQUIÑENI,10,2016,31.6,-14.8,68.1034482758621,42,54.3337645536869,28.4,4,14.7,-0.300000000000001
BOQUIÑENI,1,2016,35.3,11.1,145.867768595041,109.9,69.95544239338,19.2,-1.9,8.2,1.6
BOQUIÑENI,8,2016,2.1,-20.5,9.29203539823009,282.9,80.4607508532423,38.8,10.4,23.9,0.9
BOQUIÑENI,2,2016,35.7,16.2,183.076923076923,145.6,82.4462061155153,21.2,-3.5,7.9,-0.299999999999999
BOQUIÑENI,7,2016,4.9,-7.9,38.28125,280.8,85.3495440729483,41,11.1,24.1,1.1
BOQUIÑENI,6,2016,2.3,-24.5,8.58208955223881,275.9,87.2549019607843,35.7,7.8,21.6,0
BOQUIÑENI,3,2016,40,18,181.818181818182,185.6,93.4541792547835,23.7,-0.2,9,-2.6
BOQUIÑENI,5,2016,41.6,-9.8,80.9338521400778,273.6,94.5404284727022,30.2,4.7,16.3,-1.2
BOQUIÑENI,4,2016,46.4,7,117.766497461929,232,97.4789915966387,25.2,-0.7,12.5,-0.300000000000001
BORJA,7,2016,15.4,-8,65.8119658119658,388,105.463441152487,39.8,12.7,23.9,0.399999999999999
BORJA,4,2016,46.3,-6.1,88.3587786259542,285.1,106.819033345822,24.6,-1.2,11.7,-0.800000000000001
BORJA,6,2016,11.1,-20.2,35.4632587859425,372.6,108.156748911466,35.9,7.7,21.3,0.300000000000001
BORJA,3,2016,50.4,27.2,217.241379310345,238.8,111.328671328671,22.3,-1.4,8.4,-2.3
BORJA,5,2016,58.5,12.2,126.349892008639,354.6,113.218390804598,29,4.5,15.3,-1.4
BORJA,9,2016,5.9,-34,14.7869674185464,5.9,14.7869674185464,36.3,8.1,21.2,1.6
BORJA,10,2016,24.5,-14.1,63.4715025906736,32.8,41.7834394904459,27.6,2.6,15,0.199999999999999
BORJA,12,2016,11.5,-18,38.9830508474576,113.6,79.8313422347154,15.1,-2.7,5.4,-1.72333333333333
BORJA,1,2016,55.6,30.3,219.762845849802,144.7,86.3365155131265,18.3,-1.8,7.6,1.27666666666667
BORJA,11,2016,69.3,35,202.040816326531,102.1,90.5141843971631,22.2,-0.7,9.1,-0.5
BORJA,2,2016,43.7,20,184.388185654008,188.4,98.4840564558285,19,-3,7.7,0.600000000000001
BORJA,8,2016,3.3,-21.2,13.469387755102,391.3,99.7196738022426,37,9.3,23.7,0.3
BUJARALOZ,9,2016,1.6,-32.8333333333333,4.64666021297193,1.6,4.64666021297193,37.9,9.5,21.9,0.916666666666661
BUJARALOZ,10,2016,16.6,-20.3033333333333,44.982386414958,29.6,41.4933881594318,29.2,2.8,15.9,0.460000000000001
BUJARALOZ,1,2016,18.8,-5.63333333333333,76.9440654843111,63.6,41.7268075055767,18.4,-2.1,7.8,2.87666666666667
BUJARALOZ,2,2016,46.4,24.7166666666667,213.989239046887,110,63.1808695985143,19.6,-4.1,8,1.19
BUJARALOZ,3,2016,29.6,11.1333333333333,160.28880866426,139.6,72.4931193851586,24.2,-1.9,9.2,-1.6
BUJARALOZ,12,2016,4.4,-22,16.6666666666667,101.4,79.227002812793,16.1,-2.2,5.2,-0.323333333333333
BUJARALOZ,4,2016,46.6,7.74333333333333,119.927940293386,186.2,80.4574523247105,26.5,1,12.8,-0.156666666666665
BUJARALOZ,8,2016,0.4,-18.6066666666667,2.10452472816556,293.5,86.0518754520044,36.6,10.3,24.9,-0.303333333333345
BUJARALOZ,7,2016,1.4,-14.1,9.03225806451613,293.1,91.0060028979507,38,9.4,24.9,-0.100000000000001
BUJARALOZ,5,2016,18.4,-31.52,36.8589743589744,264.3,93.941045448083,29.5,2.2,16.4,-1.20666666666666
BUJARALOZ,6,2016,20,-5.22,79.3021411578113,291.7,95.1505925845384,34.9,8.9,22.2,-0.620000000000001
BUJARALOZ,11,2016,67.4,37.15,222.809917355372,97,95.4849717810736,19.5,0,9.1,-0.256666666666669
CALAMOCHA,2,2016,49.2,29.8,253.60824742268,166.2,102.025782688766,17.7,-7.5,5.8,1.3
CALAMOCHA,4,2016,35,-6.1,85.1581508515815,232.6,102.602558447287,22.9,-3.6,9.8,0
CALAMOCHA,12,2016,6.6,-15.7,29.5964125560538,131.2,104.541832669323,16,-8.9,5.4,0.9
CALAMOCHA,3,2016,31.4,8.7,138.325991189427,197.6,106.465517241379,24,-6.1,6.3,-1.1
CALAMOCHA,11,2016,68.4,35.2,206.024096385542,124.2,120.348837209302,24.7,-4,7.8,0.2
CALAMOCHA,9,2016,21,-11.6,64.4171779141104,21,64.4171779141104,37.3,5.2,19.2,2.1
CALAMOCHA,10,2016,34.8,-2.6,93.048128342246,55.8,79.7142857142857,29.5,0.1,14.8,2
CALAMOCHA,1,2016,43.4,25.4,241.111111111111,117,81.5331010452962,21.2,-6,7.2,3.9
CALAMOCHA,7,2016,14.6,-9.1,61.6033755274262,321.4,89.004993953716,38.2,4.8,23.1,1.1
CALAMOCHA,6,2016,34.6,-12.9,72.8421052631579,306.8,90.929747779611,34.9,1.5,19.5,-0.100000000000001
CALAMOCHA,8,2016,39.4,10.4,135.862068965517,360.8,92.4883150618213,37.6,5.8,22.4,0.799999999999997
CALAMOCHA,5,2016,21.8,-41.4033333333333,34.4918516955857,272.2,93.8933667544354,29.1,-2.9,13.6903225806452,-0.185424987199179
CALATAYUD,3,2016,37.4,19.7,211.299435028249,162.4,100.932256059664,24.7,-3.6,8.2,-1.3
CALATAYUD,11,2016,61,35.1,235.521235521236,87.8,101.152073732719,23.5,-1.9,8.5,-0.0999999999999996
CALATAYUD,4,2016,43.8,2.7,106.569343065693,206.2,102.079207920792,23.3,-1.6,11.5,0.199999999999999
CALATAYUD,9,2016,0.8,-28.8,2.7027027027027,0.8,2.7027027027027,37.7,6.9,21,2.4
CALATAYUD,10,2016,26,-5.3,83.0670926517572,26.8,44.0065681444992,30.4,1.9,15.3,1.5
CALATAYUD,1,2016,42.4,24.7,239.54802259887,97.8,77.007874015748,17.6,-3.6,8.1,3.2
CALATAYUD,6,2016,4.8,-31.3,13.2963988919668,244.6,83.853273911553,38.1,6.1,21.3,1.1
CALATAYUD,12,2016,4.4,-18.1,19.5555555555556,92.2,84.3549862763038,15.6,-6.4,5.1,-0.300000000000001
CALATAYUD,2,2016,27.2,11,167.901234567901,125,87.2905027932961,17.9,-5.7,7.8,1.4
CALATAYUD,5,2016,33.6,-20,62.6865671641791,239.8,93.8184663536776,30.4,-0.7,15.4177419354839,0.124408602150538
CALATAYUD,8,2016,11.2,-4.6,70.8860759493671,310.6,94.4072948328267,37.3,8.4,24.2,1.4
CALATAYUD,7,2016,54.8,33.3,254.883720930233,299.4,95.5938697318008,39.4,8,24,0.699999999999999
CANDASNOS,2,2016,43,25.2,241.573033707865,83.3,50,20.4,-4,7.8,1.34792877668308
CANDASNOS,12,2016,7.4,-16.5,30.9623430962343,136.8,105.637065637066,15.8,-3.3,4.1,-0.89859139784946
CANDASNOS,11,2016,84.5,55.8,294.425087108014,129.4,122.537878787879,19,-1.9,8.5,-0.20956944444444
CANDASNOS,9,2016,5.8,-29.2,16.5714285714286,5.8,16.5714285714286,37.5,8.3,20.7,0.909416666666672
CANDASNOS,1,2016,12.9,-6.4,66.839378238342,40.3,27.0833333333333,20,-3.6,7.4,2.22328225806451
CANDASNOS,3,2016,23.7,5.1,127.41935483871,107,57.7753779697624,24.5,-3.5,8.9,-1.01585215053763
CANDASNOS,10,2016,39.1,-2.8,93.3174224343675,44.9,58.3875162548765,30,3.2,15,0.101975806451614
CANDASNOS,8,2016,1.1,-21.1,4.95495495495496,206.7,62.6363636363636,36.5,10.6,23.4,-0.132177419354829
CANDASNOS,7,2016,0.3,-12.2,2.4,205.6,66.7966211825861,39.3,8.9,24,-0.304379032258058
CANDASNOS,6,2016,9.3,-18.2,33.8181818181818,205.3,69.5225194717237,34.8,8.8,21.1,-0.0090694444444388
CANDASNOS,4,2016,49.1,13.8,139.093484419263,156.1,70.7936507936508,24.9,2.1,12.5,0.278777777777782
CANDASNOS,5,2016,39.9,-7.4,84.3551797040169,196,73.1889469753547,29.4,2,15.8,-0.983723118279574
CASPE,12,2016,7.8,-14,35.7798165137615,138.8,116.736753574432,16,0.2,5.9,-1.1
CASPE,11,2016,78.6,51,284.782608695652,131,134.912461380021,19.9,0.3,10.8,0
CASPE,9,2016,12,-21.1,36.2537764350453,12,36.2537764350453,39.5,12.4,23.9,2.1
CASPE,1,2016,16,-4.6,77.6699029126214,62.8,44.6975088967972,20.5,-0.6,9.5,3.1
CASPE,2,2016,45,27.6,258.620689655172,107.8,68.2710576314123,22.7,-1.1,10.2,1.8
CASPE,3,2016,13.6,-4,77.2727272727273,121.4,69.1737891737892,26,2.9,11.2,-0.700000000000001
CASPE,8,2016,0.2,-19,1.04166666666667,228,74.7786159396523,39.2,15,26.3,1.3
CASPE,10,2016,40.4,4,110.989010989011,52.4,75.3956834532374,30.3,8.8,17.9,1
CASPE,7,2016,0.2,-12.9,1.52671755725191,227.8,79.733986699335,41.3,13.7,27.5,1.2
CASPE,6,2016,0.6,-23.6,2.47933884297521,227.6,83.492296404989,37.1,12.2,24.3,0.900000000000002
CASPE,4,2016,56.8,24.8,177.5,178.2,85.8795180722892,28.6,5.7,14.9,0.4
CASPE,5,2016,22,-18.9,53.7897310513448,227,91.3848631239936,31.8,6.2,18.6161290322581,0.148629032258064
CASTEJON DE VALDEJASA,8,2016,2.6,-19.7,11.6591928251121,414.2,109.374174808556,36.8,10.4,23,0.5
CASTEJON DE VALDEJASA,2,2016,95.4,71.4,397.5,217.6,112.280701754386,17.5,-2.4,7.3,0.708333333333333
CASTEJON DE VALDEJASA,12,2016,9.6,-26.4,26.6666666666667,168.4,114.324507807196,15.5,-5.5,5.5,0.19
CASTEJON DE VALDEJASA,7,2016,7,-14.6,32.4074074074074,411.6,115.488215488216,37.9,8.9,23.1,-0.153333333333336
CASTEJON DE VALDEJASA,6,2016,9.2,-24.2,27.5449101796407,404.6,120.848267622461,34.5,7.1,20,0.199999999999999
CASTEJON DE VALDEJASA,5,2016,34.6,-14.9,69.8989898989899,395.4,131.187790311878,27.1,1.8,14.5,-1.86833333333333
CASTEJON DE VALDEJASA,3,2016,63.2,43.9,327.461139896373,280.8,131.76912247771,21.6,-0.1,7.8,-2.10833333333333
CASTEJON DE VALDEJASA,4,2016,61,22.2,157.216494845361,341.8,135.688765383089,22.9,0.8,10.9,-1.14666666666667
CASTEJON DE VALDEJASA,11,2016,105.6,65,260.098522167488,158.8,142.677448337826,19,0.3,8.7,0.00333333333333208
CASTEJON DE VALDEJASA,9,2016,15,-16.4,47.7707006369427,15,47.7707006369427,31.9,9.2,18.9,1.4
CASTEJON DE VALDEJASA,1,2016,42.6,20.1,189.333333333333,122.2,71.9670200235571,17.8,-0.9,7.5,2.44166666666667
CASTEJON DE VALDEJASA,10,2016,38.2,-1.09999999999999,97.2010178117048,53.2,75.2475247524753,27.4,3.9,15,0.693333333333332
CASTELLOTE,11,2016,76.6,41258,216.739290362741,116,103.208905173597,23.4,1.2,10.1,0.59866666666667
CASTELLOTE,9,2016,5.6,-32.1493333333333,14.8346990675332,5.6,14.8346990675332,36,10.3,21.4,2138
CASTELLOTE,1,2016,8.4,-15.9433333333333,34.5063672463371,71.9,42.952708417764,19.5,0.7,9.8,4084
CASTELLOTE,10,2016,33.8,-5.50206896551725,86.0005615217239,39.4,51.1346955726823,28.5,6.2,16.1,1418
CASTELLOTE,2,2016,37.4,18.4144827586207,196.992262704784,109.3,58.6439712547038,19.8,-4.4,8.4,1.49333333333334
CASTELLOTE,3,2016,28.2,-0.732666666666667,97.4676835871794,137.5,63.8609386621089,21.3,-0.1,8.3,-1.46933333333333
CASTELLOTE,8,2016,6.2,-22.3789655172414,21.6942771992905,279.1,70.9223669716748,35.6,11.5,24.2,1.01866666666666
CASTELLOTE,5,2016,27,-31.3096666666667,46.3045006831343,222.9,72.1600723197061,29.1,3.2,15.6,-0.327999999999999
CASTELLOTE,4,2016,48.2,12.9246666666667,136.639389186022,185.7,74.1060229084253,25.4,1.2,11.8,-0.0969999999999978
CASTELLOTE,7,2016,13.4,-4545,74.672610755085,272.9,74.7773832485849,37.9,10.5,24.6,0.876000000000005
CASTELLOTE,6,2016,36.6,-1.50833333333334,96.0419855674612,259.5,74.782801449567,33.5,9.5,21,0.367666666666675
CASTELLOTE,12,2016,14.2,-16.4566666666667,46.3194519952158,130.2,91.0170829986703,16.2,-5.7,7.6,1.20133333333333
CEDRILLAS,10,2016,33,-19.1,63.3397312859885,67.2,70,24.3,0.6,12.2,1.71
CEDRILLAS,12,2016,8,-20.2,28.3687943262411,163.6,101.425914445133,16.4,-7.3,3.8,0.826666666666666
CEDRILLAS,5,2016,42.8,-21.5,66.5629860031104,373.7,104.356325048869,23.1,-5.2,10.2,-1.23333333333334
CEDRILLAS,7,2016,8.4,-18.4,31.3432835820896,466.3,105.881017257039,32.1,3,19.8,0.616666666666667
CEDRILLAS,6,2016,74,18.5,133.333333333333,457.9,110.71083172147,29.3,1.6,16,0.359999999999999
CEDRILLAS,11,2016,88.4,51.3,238.274932614555,155.6,116.904583020286,19.3,-4.8,5.2,-0.416666666666667
CEDRILLAS,9,2016,22.2,-21.7,50.5694760820046,22.2,50.5694760820046,31.5,3.4,15.9,0.723333333333335
CEDRILLAS,1,2016,13.1,-13.9,48.5185185185185,120.4,63.9405204460967,15.2,-6.2,4.3,2.13666666666667
CEDRILLAS,2,2016,34.4,8.2,131.297709923664,154.8,72.1678321678322,14.8,-9.5,3,-0.206666666666667
CEDRILLAS,3,2016,49.6,17.3,153.560371517028,204.4,82.8200972447326,18.9,-6.9,3.4,-2.40666666666667
CEDRILLAS,4,2016,44.4,-2.6,94.468085106383,248.8,84.6834581347856,17.8,-4.6,6.6,-0.590000000000001
CEDRILLAS,8,2016,12,-38,24,478.3,97.5326264274062,32.3,5.2,19.4,0.353333333333335
DAROCA,4,2016,32.1,-11.8,73.120728929385,245.9,101.068639539663,22.1,-2.8,10.2,-0.5
DAROCA,3,2016,42.3,20.6,194.930875576037,213.8,107.221664994985,22.9,-4.9,6.7,-2.1
DAROCA,12,2016,6.9,-19.6,26.0377358490566,146.6,108.431952662722,14.7,-7.9,5,-0.3
DAROCA,11,2016,73.8,39.9,217.699115044248,139.7,128.51885924563,23.2,-2.8,7.7,-0.600000000000001
DAROCA,9,2016,26.6,-10.6,71.505376344086,26.6,71.505376344086,38.6,5.6,19.8,1.2
DAROCA,1,2016,40.2,19.6,195.145631067961,122.1,78.3697047496791,21.3,-5.5,7.2,2.7
DAROCA,10,2016,39.3,1.7,104.521276595745,65.9,88.1016042780749,28.8,1.3,14.9,1.2
DAROCA,8,2016,8.3,-15.9,34.297520661157,348.9,88.7094040273917,38.2,6.1,23.6,0.800000000000001
DAROCA,5,2016,25.9,-32.5066666666667,44.3442529391622,272.1,90.1869365388015,28.6,-2.1,14.2887096774194,-0.711290322580649
DAROCA,6,2016,41.2,-4.09999999999999,90.9492273730684,313.3,90.2864498280533,36.3,3,19.9,0.199999999999999
DAROCA,7,2016,27.3,5.2,123.529411764706,340.6,92.2768486074486,38.6,6.2,23.4,0.399999999999999
DAROCA,2,2016,49.4,27.5,225.570776255708,171.5,96.5109735509285,19,-7.5,6.6,0.699999999999999
EJEA,8,2016,5.6,-16.1,25.8064516129032,404.4,101.863979848867,36.9,10,24.4,0.699999999999999
EJEA,4,2016,36,-11.7,75.4716981132075,288.2,103.520114942529,25.1,-0.6,12.5,-0.199999999999999
EJEA,6,2016,2.2,-30.3,6.76923076923077,375,105.782792665726,35.3,8.3,21.5,0
EJEA,7,2016,23.8,3,114.423076923077,398.8,106.261657340794,39,9.8,24.3,0.300000000000001
EJEA,3,2016,51.2,26.5,207.287449392713,252.2,109.319462505418,24.3,0,9.3,-1.3
EJEA,11,2016,87.2,45,206.635071090047,148.7,110.311572700297,18.3,-0.8,9.3,-0.0999999999999996
EJEA,5,2016,41.4,-2.2,94.954128440367,366,113.664596273292,30.4,3.4,16.5338709677419,-0.576129032258066
EJEA,9,2016,23.4,-17.3,57.4938574938575,23.4,57.4938574938575,37.5,9.1,21.5,1.6
EJEA,10,2016,33,-18.9,63.5838150289017,61.5,66.414686825054,28.6,3.1,15.8,0.700000000000001
EJEA,1,2016,38.6,15.5,167.099567099567,132.8,73.6141906873614,17.6,-2.4,7.9,2.1
EJEA,12,2016,1.6,-35.4,4.32432432432432,161.5,94.0046565774156,16.7,-1.6,6,0
EJEA,2,2016,68.2,42.6,266.40625,201,97.5728155339806,19.7,-2.7,8.3,1
FRAGA,3,2016,43.2,24.5,231.016042780749,179.1,100.111794298491,24.6,1.3,11.2,-0.9
FRAGA,7,2016,1.4,-7.5,15.7303370786517,292.1,101.6,39.5,13,27,1.3
FRAGA,6,2016,4.6,-20.3,18.4738955823293,290.7,104.343144292893,36,11.6,23.4,0.5
FRAGA,5,2016,62.2,19.7,146.352941176471,286.1,112.770989357509,31.3,5,17.9258064516129,-0.29752688172043
FRAGA,4,2016,70.2,37.9,217.33746130031,249.3,118.039772727273,25.8,5.7,14.4,0
FRAGA,12,2016,17,-5.5,75.5555555555556,153.8,123.04,17.1,-1.4,5.5,-1
FRAGA,11,2016,81.6,53.6,291.428571428571,136.8,133.463414634146,19.7,1,10.3,-0.299999999999999
FRAGA,1,2016,12.6,-7.8,61.7647058823529,84.1,57.8404401650619,20.5,-2.4,9.3,3
FRAGA,9,2016,20.8,-12.3,62.8398791540785,20.8,62.8398791540785,38.3,11.1,23.2,1.5
FRAGA,10,2016,34.4,-7,83.0917874396135,55.2,74.0939597315436,30.6,6.8,17.6,0.900000000000002
FRAGA,2,2016,51.8,37,350,135.9,84.8314606741573,21.7,-1.6,10,1.7
FRAGA,8,2016,1,-20.5,4.65116279069768,293.1,94.8543689320389,37.3,14.6,26.3,0.699999999999999
HECHO,11,2016,225.6,89.6,165.882352941176,373.6,105.626236923947,21,-3,6.9,-0.0483333333333338
HECHO,9,2016,55,-35,61.1111111111111,55,61.1111111111111,34.5,5.9,17.4,1.36666666666667
HECHO,10,2016,93,-34.7,72.8269381362568,148,67.9834634818558,25.9,-1.2,12.3,0.416666666666668
HECHO,1,2016,196.4,102.2,208.492569002123,397.2,68.5063815108658,17.1,-4,4.6,1.18333333333333
HECHO,12,2016,0.2,-131.7,0.151630022744503,373.8,76.9769357495881,15.5,-6.7,5.1,1.25883333333333
HECHO,2,2016,172.8,87.3,202.105263157895,570,85.6756350518563,19.5,-7.4,5.3,1065
HECHO,8,2016,23,-41.2,35.8255451713396,1029.4,88.7184348875291,34.4,5.5,20.5,0.506666666666657
HECHO,6,2016,24.6,-42.2,36.8263473053892,941,91.1998449311882,31.3,3.1,16.8,-0.501333333333339
HECHO,7,2016,65.4,1.10000000000001,101.710730948678,1006.4,91.8164401058298,34.7,3.4,20.3,0.303333333333342
HECHO,4,2016,92.2,-31.1,74.7769667477697,804.8,93.0942741469057,20.3,-2.5,8.5,-0.335000000000001
HECHO,5,2016,84.2,-16.3,83.7810945273632,916.4,94.9637305699482,26.1,0,12.4,-0.493333333333332
HECHO,3,2016,142.6,66.7,187.878787878788,712.6,96.1413923367512,18.9,-5.5,5.4,-1715
HIJAR,11,2016,68.8,44.7,285.477178423236,97.6,110.657596371882,20.9,1,10.6,-0.237092997152176
HIJAR,9,2016,7.4,-21.1,25.9649122807018,7.4,25.9649122807018,39.5,11.4,23.5,2.12173913043479
HIJAR,10,2016,21.4,-14.2,60.1123595505618,28.8,44.9297971918877,30.5,4.6,16.9,0.530434782608694
HIJAR,1,2016,22.4,0.5,102.283105022831,86,65.8499234303216,21.4,0.9,9.8,3.2
HIJAR,8,2016,2.2,-16.1,12.0218579234973,240.4,78.4851452824029,38.5,13,26.2,0.821739130434793
HIJAR,7,2016,1.8,-11.9,13.1386861313869,238.2,82.7083333333334,41.9,12.1,26.8,0.951043478260864
HIJAR,6,2016,13.4,-12.5,51.7374517374517,234.3,85.41742617572,36.7,11.1,23.8,0.867391304347819
HIJAR,2,2016,42.4,23.2,220.833333333333,128.4,85.7142857142857,22.6,-1.2,10.3,1.90652173913043
HIJAR,5,2016,37.6,-10.8,77.6859504132232,220.9,88.9291465378422,30.4,5.2,18.1,0.0347826086956537
HIJAR,3,2016,26,9.4,156.626506024096,154.4,92.7884615384616,24.8,1.2,11,-0.756521739130431
HIJAR,4,2016,32.6,-1,97.0238095238095,187,93.5,26.6,2.8,14.3,0.232608695652171
HIJAR,12,2016,6.4,-14.1,31.219512195122,104,95.6761729530819,15,-1.5,5.5,-1.64750402571739
HUESCA,12,2016,3.6,-38.5,8.55106888361045,215.5,108.783442705704,16,-4,4.6,-0.9
HUESCA,8,2016,3.4,-26.7,11.2956810631229,524.6,109.310644209064,37.5,9.4,24.5,0.800000000000001
HUESCA,2,2016,133.6,106.4,491.176470588235,282.3,110.619122257053,18.7,-3.9,8.2,1.3
HUESCA,7,2016,11.4,-11.1,50.6666666666667,521.2,115.869428285598,39.7,10.1,25.3,1.2
HUESCA,6,2016,13.7,-21.7,38.7005649717514,509.8,119.302624907368,35.9,7.7,21.7,0.599999999999998
HUESCA,3,2016,74.4,44.8,251.351351351351,356.7,125.245786516854,22.4,-1.3,9.3,-0.799999999999999
HUESCA,5,2016,53.2,0.883333333333326,101.688435807582,496.1,126.583032107166,30.2,1.2,15.7887096774194,-0.311290322580643
HUESCA,4,2016,86.2,31.4,157.299270072993,442.9,130.418138987044,23.8,1.5,12.3,0.200000000000001
HUESCA,11,2016,146.6,98.8,306.694560669456,211.9,135.833333333333,18.5,0.5,8.7,-0.600000000000002
HUESCA,9,2016,23.9,-24.1,49.7916666666667,23.9,49.7916666666667,35.6,8.9,21.4,1.6
HUESCA,10,2016,41.4,-18.8,68.7707641196013,65.3,60.3512014787431,29.1,2.4,15.6,0.6
HUESCA,1,2016,36.6,6.7,122.408026755853,148.7,65.219298245614,16.5,-1.7,7.8,2.6
JABALOYAS,11,2016,97.4,49.1,201.656314699793,177.4,123.865381929898,18.3,-2.5,5.7,0.99047619047619
JABALOYAS,9,2016,17.2,-24.86,40.8939610080837,17.2,40.8939610080837,32.3,5.2,17.2,1.96666666666667
JABALOYAS,1,2016,21,-28.09,42.778569973518,173.6,68.3061184339957,14.2,-4.1,4.7,3.52666666666667
JABALOYAS,2,2016,32.2,4.60666666666667,116.694853829427,205.8,73.045206630148,15.1,-7.7,3.5,0.496666666666666
JABALOYAS,3,2016,32.4,-8.76,78.7172011661808,238.2,73.7682072033942,18,-3.9,4,-1.54
JABALOYAS,7,2016,1,-24.8166666666667,3.87346675274371,400.5,74.5083934340835,31.9,5.7,21.4,1.52333333333333
JABALOYAS,5,2016,47,-26.15,64.2515379357485,344.9,76.2665015589412,22,-2.5,10.8,-1.18666666666667
JABALOYAS,8,2016,30.6,6.54333333333333,127.19966745185,431.1,76.7655543288579,31.6,9.2,21.3,1.62333333333334
JABALOYAS,6,2016,10.4,-49.0766666666667,17.4858487922435,395.1,77.2122049090625,28.8,4.1,17.3,0.90666666666667
JABALOYAS,4,2016,57.6,1.42333333333334,102.533673529935,295.8,78.0310224754669,16.7,-2.9,6.9,0.100000000000001
JABALOYAS,10,2016,62.8,9.94,118.804388951949,80,84.2815002107038,23.8,4.7,13.3,3.19571428571429
JABALOYAS,12,2016,22.4,-39.44,36.2225097024579,199.8,97.4348971032869,15.5,-2.1,4.8,2
JACA,5,2016,62,-17.7333333333333,77.7591973244147,689.3,100.402990872014,25.8,-1.1,12.5451612903226,-0.45483870967742
JACA,11,2016,186.2,93.1,200,289.7,110.783938814532,18.6,-1.2,6.8,0
JACA,9,2016,23.7,-47.3,33.3802816901408,23.7,33.3802816901408,34.1,5,18.2,1.8
JACA,10,2016,79.3,-18.1,81.4168377823409,103.5,61.4608076009501,25.8,0.9,13.1,2.1
JACA,1,2016,97.9,35.2,156.140350877193,268.1,64.6491439594888,17.9,-5.5,4.4,0.100000000000001
JACA,2,2016,114.9,61.3,214.365671641791,383,81.785180439889,19.3,-7.4,4.7,-0.5
JACA,12,2016,1.2,-89.3,1.32596685082873,294.7,83.7215909090909,16.2,-4.4,5.9,2
JACA,8,2016,6.7,-37.8,15.0561797752809,739.2,89.9014878177322,35,7.1,22.1,0.900000000000002
JACA,4,2016,72.5,-14.2,83.6216839677047,552,90.9690177982861,19.9,-1.3,8.8,-0.5
JACA,3,2016,96.5,44.7,186.293436293436,479.5,92.1938088829071,19.5,-4.4,5.3,-1.9
JACA,7,2016,15.3,-24,38.9312977099237,732.5,94.1839533687639,35.5,5.3,21.4,1
JACA,6,2016,25,-26.9,48.1695568400771,717.2,97.1245429512933,31.4,2.6,17.4,0.0999999999999979
LA ALMUNIA DE Dª Gª,11,2016,75,43.5,238.095238095238,113.4,112.5,21.2,0.1,10.1,0.199999999999999
LA ALMUNIA DE Dª Gª,12,2016,11.6,-14.2,44.9612403100775,159.5,125.987361769352,15.8,-2.5,6.2,-0.7
LA ALMUNIA DE Dª Gª,9,2016,5,-26.8,15.7232704402516,5,15.7232704402516,38.1,8.8,21.3,1.3
LA ALMUNIA DE Dª Gª,10,2016,33.4,-4.1,89.0666666666667,38.4,55.4112554112554,29.5,2.8,15,0.300000000000001
LA ALMUNIA DE Dª Gª,1,2016,34,14.4,173.469387755102,98.1,67.0998632010944,19.3,-1.5,9.3,1.9
LA ALMUNIA DE Dª Gª,2,2016,38.2,17.2,181.904761904762,136.3,81.5191387559809,19.1,-2.4,9.3,0.700000000000001
LA ALMUNIA DE Dª Gª,8,2016,0.8,-15.6,4.87804878048781,316.1,87.9032258064516,37,9.8,23.8,1
LA ALMUNIA DE Dª Gª,6,2016,9.2,-27,25.414364640884,295.1,91.5890751086282,37,6.2,21.4,0.299999999999997
LA ALMUNIA DE Dª Gª,7,2016,20.2,-0.800000000000001,96.1904761904762,315.3,91.8706293706294,39.8,9.4,24.2,0.800000000000001
LA ALMUNIA DE Dª Gª,4,2016,44.8,-1.90000000000001,95.9314775160599,226.8,97.1306209850107,25.2,-0.4,12.3,-0.5
LA ALMUNIA DE Dª Gª,3,2016,45.7,26.1,233.163265306122,182,97.4304068522484,23.8,0.6,9.4,-2
LA ALMUNIA DE Dª Gª,5,2016,33.4,-19.1,63.6190476190476,285.9,99.965034965035,31.5,3.8,16.4338709677419,-0.266129032258064
LAGUARRES,11,2016,133.2,77,237.010676156584,219.2,113.692946058091,18.7,-2.8,7.7,-0.250999999999999
LAGUARRES,9,2016,32.4,-33,49.5412844036697,32.4,49.5412844036697,35.8,5.9,19.8,1.61366666666667
LAGUARRES,10,2016,53.6,-17.6,75.2808988764045,86,62.9575402635432,25.5,3.2,14.2,0.808666666666669
LAGUARRES,1,2016,22.6,-14.6,60.752688172043,190.4,67.6376554174068,17.2,-3.5,6.4,2.25866666666667
LAGUARRES,8,2016,0.6,-44.1,1.34228187919463,496.6,80.8268229166667,36.4,11,23.3,0.802333333333333
LAGUARRES,6,2016,11.4,-35.9,24.1014799154334,461.4,85.3022739877981,34.2,4.6,19.6,0.158333333333335
LAGUARRES,2,2016,79,50.3,275.261324041812,269.4,86.8471953578337,20.6,-6.4,6,0.171666666666669
LAGUARRES,7,2016,34.6,5.8,120.138888888889,496,87.0633666842198,36.9,8.5,23.5,0.735333333333326
LAGUARRES,3,2016,32.4,-3.3,90.7563025210084,301.8,87.2506504770165,22.1,-4.1,7,-1.87066666666667
LAGUARRES,12,2016,1.8,-49.7,3.49514563106796,221,90.4625460499386,15.9,-5.8,5,0.273999999999999
LAGUARRES,5,2016,54.2,-24.1,69.2209450830141,450,91.1669367909238,27.7,-1.9,14,-0.84225
LAGUARRES,4,2016,93.6,24.2,134.870317002882,395.4,95.2082831687937,21.5,-0.1,10.5,-0.288666666666668
LANAJA,9,2016,12.4,-27.6,31,12.4,31,36,10.1,21.5,1.48448275862069
LANAJA,12,2016,6.2,-23.1,21.160409556314,144.8,101.258741258741,16.2,-2.3,4.9,-1.02068965517241
LANAJA,2,2016,92.6,72.8,467.676767676768,207.2,109.862142099682,19.4,-2.6,8.4,1.17413793103448
LANAJA,8,2016,0.6,-21.9,2.66666666666667,424.2,118.524727577536,35.5,11.7,24.2,0.455357142857142
LANAJA,3,2016,42,23.4,225.806451612903,249.2,120.27027027027,21.9,0.5,9.2,-1.31034482758621
LANAJA,11,2016,90.8,58.1,277.675840978593,138.6,121.899736147757,18.3,0.9,9.2,-0.525862068965518
LANAJA,7,2016,4.6,-14.3,24.3386243386243,423.6,126.296958855098,36.9,10.2,24.5,0.0293103448275822
LANAJA,5,2016,20.2,-26.6,43.1623931623932,374.4,127.956254272044,28.7,3.3,15.9,-1.14464285714286
LANAJA,6,2016,44.6,20.7,186.610878661088,419,132.385466034755,33.4,9.7,21.5,-0.0928571428571452
LANAJA,4,2016,77.8,39.2,201.554404145078,327,133.034987794955,23.3,2,12.3,-0.815517241379308
LANAJA,10,2016,35.4,-5.6,86.3414634146342,47.8,59.0123456790124,28.1,4.2,15.7,0.27241379310345
LANAJA,1,2016,33.2,7.4,128.682170542636,114.6,67.8909952606635,19,-1.2,8.1,2.73965517241379
LECIÑENA,8,2016,1.4,-22.2,5.93220338983051,372,100.785694933622,38.2,8.4,25,-0.203333333333344
LECIÑENA,7,2016,13.4,-5,72.8260869565218,370.6,107.26483357453,40,7.2,25,0
LECIÑENA,6,2016,4.8,-24.3,16.4948453608247,357.2,109.202078874962,36.6,7,21.9,-0.400000000000002
LECIÑENA,3,2016,61,42.2,324.468085106383,234.6,114.216163583252,23.3,-3.3,8.8,-2
LECIÑENA,5,2016,28.6,-21.4,57.2,350.9,117.751677852349,30.7,-0.9,16.2,-1.40666666666666
LECIÑENA,4,2016,58.6,16,137.558685446009,293.2,118.225806451613,26.1,-0.5,12.1,-0.856666666666666
LECIÑENA,9,2016,14.4,-23.5,37.9947229551451,14.4,37.9947229551451,33.5,7.9,21,1
LECIÑENA,10,2016,31.2,-10.8,74.2857142857143,46.5,58.19774718398,29.3,2.1,15.7,0.26
LECIÑENA,1,2016,42.4,18.7,178.902953586498,98.8,60.3543066585217,19.2,-1.1,8,3.07666666666667
LECIÑENA,12,2016,5.8,-21.1,21.5613382899628,113.1,80.7857142857143,16.6,-2.8,5.4,-0.123333333333333
LECIÑENA,2,2016,74.8,51.9,326.637554585153,173.6,93.0332261521972,20.2,-3.5,7.9,1.09
LECIÑENA,11,2016,60.8,27.6,183.132530120482,107.3,94.8717948717949,19.2,-0.6,9,-0.356666666666669
MONTALBAN,12,2016,17.6,-9.2,65.6716417910448,166,116.736990154712,17.4,-6.6,5.8,0.6
MONTALBAN,11,2016,81,50.1,262.135922330097,148.4,128.596187175043,22.7,-3.2,7.9,-0.0999999999999996
MONTALBAN,9,2016,26.6,-12.7,67.6844783715013,26.6,67.6844783715013,36,5.7,19,1.9
MONTALBAN,1,2016,23.6,-1.8,92.9133858267717,121,72.1957040572792,20.1,-4.4,7.5,2.8
MONTALBAN,8,2016,19.4,-17.8,52.1505376344086,349.8,79.5018068592468,34.6,5.8,22.4,0.799999999999997
MONTALBAN,10,2016,40.8,-4.40000000000001,90.2654867256637,67.4,79.7633136094675,28.5,2,14.3,1.1
MONTALBAN,7,2016,7.2,-24.8,22.5,330.4,82.0278557064475,36.9,5.6,22.6,0.900000000000002
MONTALBAN,5,2016,25,-38.39,39.4383972235368,271.4,84.5245881217104,28.6,-3,13.8854838709677,-0.177016129032257
MONTALBAN,6,2016,51.8,2.09999999999999,104.225352112676,323.2,87.1652417810621,34.1,3.1,19.2,0.800000000000001
MONTALBAN,2,2016,52,29.7,233.183856502242,173,91.100579252238,19.7,-7.4,6.3,0.8
MONTALBAN,4,2016,34.8,-6.3,84.6715328467153,243,94.2956926658906,23.3,-1.9,9.9,0.0999999999999996
MONTALBAN,3,2016,35.2,8.5,131.835205992509,208.2,96.1218836565097,24,-5.7,6.4,-1.8
MONZÓN,10,2016,83.8,30.31,156.664797158347,105,103.177202751392,28.3,1.7,15,0.5
MONZÓN,8,2016,0.8,-27.3566666666667,2.84124541257251,436.8,103.283572678405,36.2,8.4,23.8,-0.2
MONZÓN,3,2016,45,21.8033333333333,193.993389854864,262.7,106.5158334347,23.6,-3.5,8.6,-1.78835632183908
MONZÓN,7,2016,8.3,-9.39,46.9191633691351,436,110.447786400061,38.2,7.9,24.7,0.199999999999999
MONZÓN,6,2016,5.3,-27.3366666666667,16.2394035338576,427.7,113.428217821782,34.9,7.8,21.6,0.400000000000002
MONZÓN,4,2016,89.1,42.77,192.3159939564,351.8,120.084653194975,24.4,0.3,12.1,-0.4
MONZÓN,12,2016,4,-27.08,12.8700128700129,214,121.471278286536,17.6,-2.4,4.3,-1.19786206896552
MONZÓN,5,2016,39.8,-11.67,77.3265980182631,422.4,122.637400923265,29.1,0.8,15.8,-0.899999999999999
MONZÓN,11,2016,105,61.6733333333333,242.344976150177,210,144.734423819151,19.3,-0.5,8.8,-0.639735632183907
MONZÓN,9,2016,21.2,-27.0766666666667,43.913553821722,21.2,43.913553821722,36.2,6.9,20.8,1.5
MONZÓN,1,2016,21.7,-4.2,83.7837837837838,134.7,66.6589686912342,18.2,-6,7,1.65994252873563
MONZÓN,2,2016,83,61.64,388.576779026217,217.7,97.433984782933,19.2,-5.2,7,0.11157471264368
MOSQUERUELA,12,2016,92.8,43.1833333333333,187.033926771918,287.1,116.206589492431,16.9,-5.6,4.7,1.72666666666667
MOSQUERUELA,9,2016,34.2,-28.1033333333333,54.8927291209673,34.2,54.8927291209673,30.8,4.4,16,1.02333333333333
MOSQUERUELA,10,2016,42.9,-33.0633333333333,56.4746149458072,77.1,55.7618129218901,23.1,2.8,12.5,2.11
MOSQUERUELA,2,2016,22.6,-16.79,57.3749682660574,210.3,63.6225204965562,16.7,-8.2,3.8,0.493333333333332
MOSQUERUELA,1,2016,4.7,-39.3933333333333,10.6592077411551,187.7,64.467748952442,15.3,-5.5,4.8,2.53666666666667
MOSQUERUELA,3,2016,38.8,-2.46333333333334,94.0302124565797,249.1,66.9971849168923,17.9,-5.8,3.5,-2.70666666666667
MOSQUERUELA,4,2016,50,-20.21,71.2149266486256,299.1,67.6671317069492,16.7,-2.9,6.6,-0.19
MOSQUERUELA,6,2016,41.6,-20.2933333333333,67.2124084446359,400.3,69.1066033664221,27.8,4.4,16.1,0.0600000000000023
MOSQUERUELA,5,2016,53.4,-21.94,70.8786833023626,358.7,69.3332130638438,23.2,-2.7,10.4,-1.03333333333334
MOSQUERUELA,8,2016,19.2,-44.82,29.9906279287723,468.9,69.3707466219548,30.2,8.1,19.3,0.5
MOSQUERUELA,7,2016,49.4,16.7366666666667,151.239922441065,449.7,73.4907993506706,30.9,4.4,19.6,0.600000000000002
MOSQUERUELA,11,2016,117.2,58.0233333333333,198.051033628119,194.3,98.4079820370402,18.3,-4.4,5.7,0.383333333333333
MUNIESA,9,2016,4.6,-38,10.7981220657277,4.6,10.7981220657277,35.6,8.4,19.9,1.42666666666666
MUNIESA,10,2016,23.8,-10.7,68.9855072463768,28.4,36.8352788586252,27.9,4.6,14.8,0.216666666666665
MUNIESA,8,2016,2.8,-32.9,7.84313725490196,239.8,57.0952380952381,34.6,9.9,22.7,0.699999999999999
MUNIESA,7,2016,6.4,-15.2,29.6296296296296,237,61.6705698672912,37.3,8.7,22.9,-0.0366666666666724
MUNIESA,6,2016,10,-41.1,19.5694716242661,230.6,63.5787151916184,34.1,7.5,19.9,0.599999999999998
MUNIESA,12,2016,2.2,-22.8,8.8,84.8,63.855421686747,15.9,-8,6.3,-0.0666666666666673
MUNIESA,5,2016,9.8,-57.5,14.5616641901932,220.6,70.795892169448,27.3,1.6,14.4,-0.6
MUNIESA,11,2016,54.2,23.5,176.547231270358,82.6,76.6233766233766,22.6,0.3,8.5,-0.630000000000001
MUNIESA,4,2016,22.2,-21.2,51.1520737327189,209.4,85.7142857142857,22.9,0.4,10.2,-1.07333333333333
MUNIESA,1,2016,23.6,-1.2,95.1612903225807,137.6,87.3096446700508,17.7,-1.9,7.7,2.00333333333333
MUNIESA,2,2016,22,2.4,112.244897959184,159.6,90.0677200902934,16.6,-5.2,7,0.54
MUNIESA,3,2016,27.6,3.9,116.455696202532,187.2,93.1806869089099,20.7,-0.7,6.9,-2.5
QUINTO DE EBRO,11,2016,65.2,40.01,258.832870186582,108.2,111.439165064543,20,-0.3,9.7,-0.9
QUINTO DE EBRO,9,2016,10.6,-22.7266666666667,31.8063612722544,10.6,31.8063612722544,38.3,9.5,22.8,1.6
QUINTO DE EBRO,1,2016,25.4,3.59666666666666,116.495948631708,80,57.0287995437696,20.3,-2.9,9,2.4
QUINTO DE EBRO,10,2016,32.4,-6.17666666666667,83.9885941415363,43,59.8025126327013,30.4,5.2,16.6,0.400000000000002
QUINTO DE EBRO,8,2016,1.6,-16.8033333333333,8.69407715993479,221,68.6086821544989,39.1,12.8,25.9,0.899999999999999
QUINTO DE EBRO,7,2016,3.4,-11.4033333333333,22.9678000450349,219.4,72.2391729042738,40.8,13.3,26.5,1.2
QUINTO DE EBRO,6,2016,5,-20.08,19.9362041467305,216,74.7637672631616,37.6,9.7,23.4,0.799999999999997
QUINTO DE EBRO,5,2016,24.4,-24.28,50.1232539030403,211,79.9757419550468,31.9,5.4,17.8,-0.199999999999999
QUINTO DE EBRO,2,2016,49.2,28.11,233.285917496444,129.2,80.0644481626077,21.8,-3.4,9.1,0.9
QUINTO DE EBRO,3,2016,27.2,9.42666666666667,153.038259564891,156.4,87.3043931302681,25.5,0.6,10.3,-1.3
QUINTO DE EBRO,4,2016,39.8,3.79333333333334,110.535086095168,196.2,91.1921914943063,26.9,1,13.9,0.0999999999999996
QUINTO DE EBRO,12,2016,5.8,-15.5833333333333,27.1239282930631,114,96.2214782094927,16.4,0,5.7,-1.3
SABIÑÁNIGO,11,2016,158.2,74.1066666666667,188.124306326304,277.8,108.114419147694,20.5,-2.7,6.9,-1.3
SABIÑÁNIGO,1,2016,80,18.8466666666667,130.818707075112,239,59.8312708095163,18.8,-6.4,5,1015
SABIÑÁNIGO,9,2016,49.8,-25.4633333333333,66.1676779308207,49.8,66.1676779308207,35.2,4.7,18.6,1.1
SABIÑÁNIGO,10,2016,69.8,-27.7933333333333,71.5212787758727,119.6,69.1902732514415,26.7,0.3,13.4,-0.0399999999999991
SABIÑÁNIGO,8,2016,0,-54.2966666666667,0,640.6,78.2549209632628,35.5,7.9,22.2,0.800000000000001
SABIÑÁNIGO,2,2016,126.8,77.0633333333333,254.942698210576,365.8,81.4348684308167,21.5,-7,5.5,0.0566666666666666
SABIÑÁNIGO,12,2016,0,-81.3533333333333,0,277.8,82.1156555753712,16.3,-7.8,4.8,0.8
SABIÑÁNIGO,6,2016,25.4,-33.3633333333333,43.2242327982302,594.4,82.6156048609406,33.2,2.7,18.2,-0.100000000000001
SABIÑÁNIGO,7,2016,46.2,1.36666666666667,103.048327137546,640.6,83.8141591762505,36.5,4.8,22.1,0.600000000000002
SABIÑÁNIGO,5,2016,59,-21.6533333333333,73.1525872044966,569,86.1190430544765,28.4,-1.5,13.4,-1.41
SABIÑÁNIGO,4,2016,72,-10.6466666666667,87.1178510930064,509.6,87.8529807261318,22,-1.3,9.7,-0.91
SABIÑÁNIGO,3,2016,71.8,23.58,148.900871007881,437.6,87.9751246448292,21.2,-2.2,6.3,-2415
SANTA EULALIA DEL CAMPO,12,2016,3,-17.7834523809524,14.4345604619059,131.2,108.990987838248,16.2,-7.9,4.9,1.1
SANTA EULALIA DEL CAMPO,11,2016,56.2,29.619880952381,211.436223815687,128.2,128.72329507023,22,-3.9,7.3,0.5
SANTA EULALIA DEL CAMPO,9,2016,11.2,-23.1227586206897,32.6314097411992,11.2,32.6314097411992,36.9,4.7,18.2,1
SANTA EULALIA DEL CAMPO,1,2016,12.8,-5.15083333333334,71.3058818067871,74.8,54.0744683105219,19,-7.2,6.3,3
SANTA EULALIA DEL CAMPO,5,2016,19.8,-41.0537931034483,32.5370021985992,150.4,54.4344698392651,28.4,-4.1,13.7,-0.200000000000001
SANTA EULALIA DEL CAMPO,2,2016,10.2,-7.10057471264368,58.9575789788393,85,54.6173040470351,16.6,-8.8,5.6,0.699999999999999
SANTA EULALIA DEL CAMPO,7,2016,9.6,-18.4026190476191,34.2825075885759,202.8,57.5846543870269,37.9,6.1,23,1.2
SANTA EULALIA DEL CAMPO,6,2016,42.8,-5.07902298850575,89.3919661023053,193.2,59.5975241803364,34.7,2.6,19.4,1.1
SANTA EULALIA DEL CAMPO,4,2016,19,-19.6116666666667,49.2079250658264,130.2,60.4339760652133,22.9,-3.2,9.4,-0.0999999999999996
SANTA EULALIA DEL CAMPO,8,2016,34.2,-1.79488095238095,95.0135105190222,237,61.0554020994513,36.8,7.6,22.8,1.2
SANTA EULALIA DEL CAMPO,3,2016,26.2,4.99827586206897,123.574855655851,111.2,62.8852365882822,21.1,-5.5,5.9,-1.9
SANTA EULALIA DEL CAMPO,10,2016,60.8,22.1094047619048,157.14413186421,72,98.6120979173963,27.9,2.6,14.4,2.1
SARIÑENA,12,2016,7.4,-20.4,26.6187050359712,148.7,106.518624641834,16.5,-2.8,5,-0.9
SARIÑENA,2,2016,73,55.6,419.540229885058,197.8,110.688304420817,19.4,-3.9,8.2,0.999999999999999
SARIÑENA,8,2016,0,-24.8,0,395.5,116.323529411765,36.1,12,24.4,0.699999999999999
SARIÑENA,5,2016,24,-19.9,54.6697038724374,330.2,119.421338155515,29.8,2.7,16.6209677419355,-0.423675115207377
SARIÑENA,11,2016,80.4,47,240.718562874251,136.4,122.003577817531,19.2,-0.3,9.2,-0.5
SARIÑENA,3,2016,42,25.1,248.520710059172,239.8,122.597137014315,22.4,-0.5,9.6,-0.9
SARIÑENA,7,2016,8,-7.2,52.6315789473684,395.5,125.475888324873,37.8,10.4,25.2,0.699999999999999
SARIÑENA,6,2016,45.6,22.1,194.042553191489,387.5,129.166666666667,34.3,9.6,22,0.399999999999999
SARIÑENA,4,2016,64.8,27.8,175.135135135135,304.6,130.954428202924,24,2.2,12.8,-0.299999999999999
SARIÑENA,9,2016,12.8,-25,33.8624338624339,12.8,33.8624338624339,36.5,10.4,21.4,1.4
SARIÑENA,10,2016,43.2,2.6,106.4039408867,56,71.4285714285714,28.1,3,15.8,0.4
SARIÑENA,1,2016,28.4,6.7,130.875576036866,124.8,77.3713577185369,18.3,-3.9,7.9,2.5
SEIRA,12,2016,0,-96.7727272727273,0,415.4,112.363496402314,15,-5.9,4.2,0.310476190476191
SEIRA,11,2016,274.6,198.066666666667,358.797909407666,415.4,152.205612935773,19.8,-1.9,6.8,-0.511190476190475
SEIRA,9,2016,44,-56.004347826087,43.9980870396939,44,43.9980870396939,34.8,6.9,18.6,1.24681818181818
SEIRA,10,2016,96.8,0.417391304347817,100.433056658246,140.8,71.6951891784188,26.3,3.5,13.6,1.25454545454546
SEIRA,1,2016,125,55275,179.275726066691,364.4,82.9278695447798,17.8,-6.7,5.6,2.24260869565217
SEIRA,8,2016,39,-40.8047619047619,48.8692642759114,872.6,84.4215436788153,34.8,8.5,21.9,1.14071428571429
SEIRA,6,2016,40.8,-71.3391304347826,36.3833746898263,771.8,87.298220285031,32.7,3.4,18.3,-0.285606060606057
SEIRA,7,2016,61.8,-7.92173913043479,88.6380643552008,833.6,87.396159611552,35.7,5.7,21.8,0.175454545454539
SEIRA,2,2016,101.6,48.6541666666667,191.894231525931,466,94.6454536748704,20.6,-5.5,5.6,1.0336231884058
SEIRA,5,2016,92.6,-33.9304347826087,73.1839736100612,731,94.6944199433638,26.9,0.3,13.2,-0.766674242424244
SEIRA,3,2016,52.8,0.00833333333333286,100.015785319653,518.8,95.1655048330693,20.4,-4.5,6.8,-1.00036231884058
SEIRA,4,2016,119.6,19.3291666666667,119.276958238105,638.4,98.9113629376748,20.8,-0.9,9.8,-0.786666666666662
SOPEIRA,4,2016,112.2,41.0316666666667,157.654387485071,452,105.861021482365,21.3,1,11,0.211333333333332
SOPEIRA,12,2016,0,-58.1357142857143,0,272.2,111.904740672484,15.5,-2.9,6.4,1674
SOPEIRA,11,2016,159.2,104.175517241379,289.325754679735,272.2,147.05017585677,20.2,-0.9,8.6,0.649000000000001
SOPEIRA,1,2016,43.4,-3578,92.3836689514241,215.2,74.150491208078,18,-1.7,7,2.85866666666667
SOPEIRA,9,2016,55,-13.1303333333333,80.7276249932727,55,80.7276249932727,36,8.5,20,1.81366666666667
SOPEIRA,10,2016,58,-3.95206896551725,93.6207635491286,113,86.8680144301106,26.3,5.5,14.8,1.40866666666667
SOPEIRA,8,2016,15.8,-36.4503333333333,30.2390415372151,622.3,92.9318903940926,35.7,10.9,23.4,0.902333333333331
SOPEIRA,2,2016,86.4,57.0236666666667,294.114309705091,301.6,94.3688656440472,20.3,-2.6,7,1.17166666666667
SOPEIRA,6,2016,40.8,-28.0213333333333,59.2839429634222,558.7,94.5584878385637,32.7,6,19.6,0.158333333333335
SOPEIRA,3,2016,38.2,1.99035714285714,105.496759939637,339.8,95.5013266661376,21,-2.9,7.9,-0.970666666666664
SOPEIRA,7,2016,47.8,21.2713793103448,180.182756424421,606.5,98.2377360286656,36.7,8.8,23.4,0.635333333333325
SOPEIRA,5,2016,73,-22055,76.7976434695702,517.9,99.2088750477997,27.3,3.1,14.4,-0.44225
SOS DEL REY CATOLICO,11,2016,107.1,39.7,158.902077151335,192.2,103.277807630306,20.2,-0.8,9.3,0.203333333333333
SOS DEL REY CATOLICO,1,2016,66.8,13.4,125.093632958802,152.5,51.0204081632653,18.5,-0.9,7.4,2.74166666666667
SOS DEL REY CATOLICO,2,2016,65.4,27.1,170.757180156658,217.9,64.620403321471,18.7,-4,7.5,1.90833333333333
SOS DEL REY CATOLICO,7,2016,19.9,-19.6,50.379746835443,408.3,67.2763222936233,37.9,8.3,23.6,0.400000000000002
SOS DEL REY CATOLICO,6,2016,8.1,-40.9,16.530612244898,388.4,68.4525907648925,34.1,7.1,20.1,1.1
SOS DEL REY CATOLICO,10,2016,44.1,-21.2,67.5344563552833,85.1,71.6933445661331,27.9,2.5,15.4,1.39333333333333
SOS DEL REY CATOLICO,5,2016,34.1,-43.9,43.7179487179487,380.3,73.3603395061729,28.5,4.3,15.8,0.931666666666668
SOS DEL REY CATOLICO,9,2016,41,-12.4,76.7790262172285,41,76.7790262172285,37.1,9.8,20.1,1.6
SOS DEL REY CATOLICO,12,2016,0.3,-59.1,0.505050505050505,192.5,78.4114052953157,14.2,-5.4,6.4,0.49
SOS DEL REY CATOLICO,4,2016,47.2,-19.9,70.3427719821163,346.2,78.6103542234333,22.2,-0.5,11.2,0.45333333333333
SOS DEL REY CATOLICO,3,2016,81.1,45,224.653739612188,299,80.0964371818912,22.1,-0.5,8,-0.608333333333333
SOS DEL REY CATOLICO,8,2016,9,-31,28.7,545.8,85.5,37.3,10.9,24.2,1.2
TAMARITE DE LITERA,9,2016,18.4,-21.6,46,18.4,46,36,6.5,21.4,0.797333333333331
TAMARITE DE LITERA,4,2016,66.6,23.2,153.456221198157,254.8,100.275482093664,25.8,5.7,12.2,-0.842333333333334
TAMARITE DE LITERA,12,2016,3.2,-23.4,12.0300751879699,153.4,102.334889926618,17.7,-3.6,5,-0.231333333333332
TAMARITE DE LITERA,11,2016,68.2,33.8,198.255813953488,150.2,121.816707218167,19.4,-1.8,9.2,0.0229999999999997
TAMARITE DE LITERA,1,2016,13,-8.9,59.3607305936073,95.4,55.5296856810245,18.1,-5.8,7.2,2023
TAMARITE DE LITERA,8,2016,0,-25.2,0,300.6,82.6732673267327,36.1,9.9,24.9,0.406666666666663
TAMARITE DE LITERA,2,2016,62.2,44.4,349.438202247191,157.6,83.1223628691983,20.7,-5.1,7.8,0.903666666666666
TAMARITE DE LITERA,7,2016,4,-8.9,31.0077519379845,300.6,88.8297872340426,38.5,9.8,24.9,-0.313666666666673
TAMARITE DE LITERA,3,2016,30.6,9.5,145.023696682464,188.2,89.3213099193165,24.2,-3.8,9,-1.39266666666667
TAMARITE DE LITERA,6,2016,4.6,-21.7,17.4904942965779,295.8,90.8755760368664,34.1,6.3,21.7,-0.475666666666662
TAMARITE DE LITERA,10,2016,60,11.1,122.699386503067,82,92.2384701912261,28.6,2.2,16.4,0.814999999999998
TAMARITE DE LITERA,5,2016,32.4,-12.7,71.840354767184,291.2,97.3262032085561,29.1,1.5,16.1,-1.49166666666666
TARAZONA,5,2016,31.8,-22.19,58.8997962585664,286.4,100.09669489847,30,3.9,15.2,-1.30666666666666
TARAZONA,1,2016,50.4,28.0333333333333,225.335320417288,146.4,102.049351735675,17.9,-0.9,8.3,1.97666666666667
TARAZONA,4,2016,34.4,-13.4533333333333,71.8863193089997,251.4,108.299827685238,24,0.2,11.8,-0.656666666666665
TARAZONA,2,2016,32.4,10.8266666666667,150.185414091471,178.8,108.341749141588,18.9,-1.8,8.1,1.29
TARAZONA,3,2016,38.2,18.9533333333333,198.475926567371,217,117.755589320599,23.8,-0.8,8.6,-1.8
TARAZONA,9,2016,12,-21.9233333333333,35.3738822835806,12,35.3738822835806,35.9,9.5,20.5,1.91666666666666
TARAZONA,10,2016,16.8,-13.11,56.1685055165497,28.8,45.1174934725849,26,3.5,14.7,0.0599999999999987
TARAZONA,12,2016,11.6,-12.47,48.1927710843374,107.4,88.6919180797181,15.5,-4.3,5.6,-0.723333333333335
TARAZONA,8,2016,4.2,-20.2933333333333,17.1475231355471,325.9,88.8826262056928,34.8,11.2,22.9,0.296666666666656
TARAZONA,6,2016,3.6,-26.0266666666667,12.1512151215122,290.9,92.1298495645289,36.2,7.3,20.2,-0.52
TARAZONA,7,2016,30.8,4.38,116.578349735049,321.7,94.0175935938277,36.7,9.4,22.7,-0.0566666666666684
TARAZONA,11,2016,67,33.81,201.868032539922,95.8,98.7391349159996,20.8,0.5,9.4,0.0433333333333312
TERUEL,12,2016,6.2,-12.7,32.8042328042328,139.2,116.096747289408,15.3,-7.2,5.7,1.5
TERUEL,11,2016,72.8,47.6,288.888888888889,133,131.683168316832,23.6,-3.5,7.9,0.7
TERUEL,7,2016,1.2,-22.5,5.06329113924051,211.6,63.850331925166,38.5,6.7,24.1,1.9
TERUEL,1,2016,8,-9.2,46.5116279069767,90.6,66.0831509846827,19.7,-7.9,6.8,3.1
TERUEL,2,2016,13,-3.1,80.7453416149068,103.6,67.6240208877285,19.3,-9.8,5.9,0.600000000000001
TERUEL,8,2016,37.4,2.2,106.25,249,67.9214402618658,37.3,8.7,23.5,1.5
TERUEL,6,2016,16.8,-26.2,39.0697674418605,210.4,68.3782905427364,35.1,4.1,20.4,1.6
TERUEL,5,2016,35.2,-19.5,64.3510054844607,193.6,73.1394030978466,29.2,-2.7,14.3596774193548,0.0596774193548377
TERUEL,4,2016,18.6,-18.9,49.6,156.4,74.4761904761905,23.5,-2.8,10.4,0.5
TERUEL,10,2016,33.4,-9.3,78.2201405152225,60.2,79.419525065963,28.5,1.2,15.2,2.5
TERUEL,3,2016,34.2,14.9,177.20207253886,137.8,79.8840579710145,24.4,-5,7,-1.2
TERUEL,9,2016,26.8,-6.3,80.9667673716012,26.8,80.9667673716012,36.7,5.2,19.5,1.9
TOSOS,7,2016,18.9,-0.200000000000003,98.9528795811518,361.2,100.166389351082,37.6,8.7,23,1.1
TOSOS,6,2016,21.7,-13.3,62,342.3,100.234260614934,33.9,6.5,20.1,0.700000000000003
TOSOS,5,2016,17,-45.4,27.2435897435897,313.1,102.153344208809,28,2.4,14.9,-0.324313725490191
TOSOS,4,2016,33.3,-12.3,73.0263157894737,288,117.984432609586,23.7,-1,10.9,0.200000000000001
TOSOS,2,2016,77.8,52.5,307.509881422925,210.6,119.455473624504,18.5,-4.2,8,1.7
TOSOS,3,2016,44.1,21.9,198.648648648649,254.7,128.31234256927,22.5,-1.4,7.7,-1.9
TOSOS,12,2016,11.6,-14.3,44.7876447876448,173.8,136.420722135008,16.2,-4.7,6.1,0.199999999999999
TOSOS,11,2016,135.4,102.4,410.30303030303,162.2,159.802955665025,22.6,-0.5,9,0.0345098039215657
TOSOS,10,2016,24,-12,66.6666666666667,26.8,39.1240875912409,28.8,2.4,14.9,1.1
TOSOS,9,2016,2.8,-29.7,8.61538461538462,2.8,8.61538461538462,37,7,20,2.0578431372549
TOSOS,1,2016,47.1,23.5,199.576271186441,132.8,87.9470198675497,18.7,-2,8.8,2.8
TOSOS,8,2016,2.7,-17.4,13.4328358208955,363.9,95.5870764381402,35.7,9,22.9,0.699999999999999
VALDERROBRES,9,2016,8.6,-33.2,20.5741626794258,8.6,20.5741626794258,36.2,6.5,19.6,1.1
VALDERROBRES,10,2016,24.6,-45.6,35.042735042735,33.2,29.6428571428571,28.4,1.2,14.4,0.4
VALDERROBRES,1,2016,4.4,-33.6,11.5789473684211,98.4,42.3407917383821,19.5,-2.9,7.5,2.2
VALDERROBRES,2,2016,37,6.6,121.710526315789,135.4,51.5220700152207,19.5,-6.3,7.3,0.9
VALDERROBRES,3,2016,29.9,-0.800000000000001,97.3941368078176,165.3,56.3202725724021,24,-3.7,8,-1.1
VALDERROBRES,4,2016,58.8,7.9,115.520628683694,224.1,65.0696864111499,24.4,-0.4,11.3,-0.199999999999999
VALDERROBRES,8,2016,26.8,-8.3,76.3532763532764,386.8,77.2981614708234,36.3,8.5,22.8,0.400000000000002
VALDERROBRES,7,2016,6.6,-10.8,37.9310344827586,360,77.3694390715667,37.1,8.4,24.1,1.3
VALDERROBRES,5,2016,29.8,-33.5,47.0774091627172,320,78.4890851116017,30.5,1.8,15.3274193548387,0.123752688172043
VALDERROBRES,6,2016,33.4,-6.8,83.0845771144278,353.4,78.9015405224381,34.8,6.9,20.7,0.899999999999999
VALDERROBRES,12,2016,31.6,-7.4,81.025641025641,168.4,86.6255144032922,13.7,-4.9,5.2,-0.9
VALDERROBRES,11,2016,103.6,60.2,238.709677419355,136.8,88.030888030888,21.5,-2,8.8,-0.0999999999999996
VALMADRID,2,2016,75,48.2,279.850746268657,204.8,103.591299949418,19,-3,8.3,0.100000000000001
VALMADRID,11,2016,76,37.3,196.382428940568,118.4,107.052441229656,20.6,1.5,9.8,-0.799999999999999
VALMADRID,5,2016,28.2,-26.3,51.743119266055,348.2,109.462433197108,29.5,4.2,15.9,-1.1
VALMADRID,4,2016,42.2,2.2,105.5,299.8,113.732928679818,25,-0.2,11.9,-0.9
VALMADRID,3,2016,52.8,26.9,203.861003861004,257.6,115.20572450805,22.9,0.5,8.6,-2.4
VALMADRID,9,2016,1,-30.4,3.18471337579618,1,3.18471337579618,38.1,10,21.5,2
VALMADRID,10,2016,41.4,0.899999999999999,102.222222222222,42.4,58.970792767733,28.5,4.1,15.6,0
VALMADRID,1,2016,31.2,3.4,112.230215827338,129.8,75.9508484493856,18.7,0.2,9.2,2.6
VALMADRID,12,2016,7.2,-25.3,22.1538461538462,125.6,87.7707896575821,15.9,-4.8,5.4,-1.6
VALMADRID,8,2016,1.8,-21.1,7.86026200873363,362.2,90.0546991546494,36.9,12.4,24,0
VALMADRID,7,2016,4.8,-15.5,23.6453201970443,360.4,95.0171368310045,39.5,11.3,24.4,0.399999999999999
VALMADRID,6,2016,7.4,-33.5,18.0929095354523,355.6,99.0529247910864,34.9,7.5,21.5,-0.100000000000001
ZARAGOZA,8,2016,3.1,-13.5,18.6746987951807,326.2,101.320080757882,38.6,14.2,26.3,1.3
ZARAGOZA,1,2016,49.9,28.9,237.619047619048,142.5,103.186097031137,20.6,-0.5,9.6,3
ZARAGOZA,7,2016,18.3,1,105.780346820809,323.1,105.813001473719,42,13.5,26.7,1.4
ZARAGOZA,6,2016,2.1,-24.3,7.95454545454546,304.8,105.81496268009,37.2,11.1,23.8,1.1
ZARAGOZA,12,2016,2.6,-18.8,12.1495327102804,127.9,109.222886421862,16.9,0,6.3,-0.7
ZARAGOZA,5,2016,30,-13.65,68.7285223367698,302.7,115.688897381999,30.7,7.4,18.1967741935484,0.196774193548389
ZARAGOZA,2,2016,50.7,29.2,235.813953488372,193.2,121.052631578947,21.9,-0.8,9.6,1.4
ZARAGOZA,4,2016,35,-4.3,89.058524173028,272.7,125.091743119266,27.4,1.8,14.1,0.299999999999999
ZARAGOZA,11,2016,82.7,52.9,277.51677852349,125.3,130.929989550679,21,1.2,10.4,-0.199999999999999
ZARAGOZA,3,2016,44.5,25.4,232.984293193717,237.7,133.016228315613,24.8,1.5,10.6,-1
ZARAGOZA,10,2016,40.4,4,110.989010989011,42.6,64.6433990895296,29.4,6.5,16.9,0.699999999999999
ZARAGOZA,9,2016,2.2,-27.3,7.45762711864407,2.2,7.45762711864407,38.4,12.5,23.5,2.3
